<?xml version="1.0" encoding="UTF-8"?>
<project-private xmlns="http://www.netbeans.org/ns/project-private/1">
    <editor-bookmarks xmlns="http://www.netbeans.org/ns/editor-bookmarks/2" lastBookmarkId="0"/>
    <open-files xmlns="http://www.netbeans.org/ns/projectui-open-files/2">
        <group>
            <file>file:/D:/OneDrive/Documents/Omar%20Group%20Project/groupProject_v3/groupProject/src/home/MainFrame.java</file>
            <file>file:/D:/OneDrive/Documents/Omar%20Group%20Project/groupProject_v3/groupProject/src/home/MainFrameDash2.java</file>
            <file>file:/D:/OneDrive/Documents/Omar%20Group%20Project/groupProject_v3/groupProject/src/home/LineChart.java</file>
        </group>
    </open-files>
</project-private>
